"Variable / Field Name","Form Name","Section Header","Field Type","Field Label","Choices, Calculations, OR Slider Labels","Field Note","Text Validation Type OR Show Slider Number","Text Validation Min","Text Validation Max",Identifier?,"Branching Logic (Show field only if...)","Required Field?","Custom Alignment","Question Number (surveys only)","Matrix Group Name","Matrix Ranking?","Field Annotation"
enc_dt,bmi,,text,"Encounter Date
",,,date_mdy,,,,,,,,,," @HIDEBUTTON"
gender_cv,bmi,,radio,"Gender at Birth","1, Male|2, Female",,,,,,,,,,,,
dob,bmi,,text,"Date of Birth",,,date_mdy,,,,,,,,,," @HIDEBUTTON"
age_cv,bmi,,calc,"Age (Months)","round(datediff([dob], [enc_dt], 'M', true),2)",,,,,,,,,,,,
age_days,bmi,,calc,"Age (Days)","round(datediff([dob], [enc_dt], 'd', true))",,,,,,,,,,,,
mes,bmi,,radio,Measured,"1, Recumbent | 2, Standing",,,,,,[age_cv]<=60,,,,,," @HIDDEN
@HIDDEN-PDF"
pat_weight,bmi,Weight,text,"Patient Weight 
",,"in kg",number,0,120,,,,,,,,
pat_weight_z_score,bmi,,text,"Patient Weight Z-score
",,,number_2dp,,,,,,,,,," @READONLY"
pat_weight_pct,bmi,,text,"Patient Weight Percentile
",,%,number,0,100,,,,,,,," @READONLY"
pat_height,bmi,Height,text,"Patient's Height
",,"in cm",,,,,,,,,,,
pat_height_2,bmi,,calc,"Patient's Height
","if([mes]='2' and [age_days]< 731,[pat_height]+0.7,if([mes]='1' and [age_days]>= 731,[pat_height]-0.7,[pat_height]))","in cm",,,,,,,,,,," @HIDDEN"
pat_height_z_score,bmi,,text,"Patient Height Z-score
",,,number_2dp,,,,,,,,,," @READONLY"
pat_height_pct,bmi,,text,"Patient Height Percentile
",,%,number,0,100,,,,,,,," @READONLY"
bmi_act,bmi,BMI,calc,"Actual BMI Value
","round([pat_weight]/([pat_height]*[pat_height]/10000),1)",,,,,,,,,,,,
bmi_z_score,bmi,,text,"BMI Z-score",,,number,,,,,,,,,," @READONLY"
bmi_pct,bmi,,text,"BMI Percentile
",,%,number,0,100,,,,,,,," @READONLY"
pat_wfl_z_score,bmi,"Weight for Length ",text,"Weight for Length Z score",,,,,,,,,,,,," @READONLY"
pat_wfl_pct,bmi,,text,"Weight for Length Percentile",,,,,,,,,,,,," @READONLY"
