title,instructions,offline_instructions,acknowledgement,stop_action_acknowledgement,stop_action_delete_response,question_by_section,display_page_number,question_auto_numbering,survey_enabled,save_and_return,save_and_return_code_bypass,hide_title,view_results,min_responses_view_results,check_diversity_view_results,end_survey_redirect_url,survey_expiration,promis_skip_question,survey_auth_enabled_single,edit_completed_response,hide_back_button,show_required_field_text,confirmation_email_subject,confirmation_email_content,confirmation_email_from,confirmation_email_from_display,confirmation_email_attach_pdf,text_to_speech,text_to_speech_language,end_survey_redirect_next_survey,theme,text_size,font_family,theme_text_buttons,theme_bg_page,theme_text_title,theme_bg_title,theme_text_sectionheader,theme_bg_sectionheader,theme_text_question,theme_bg_question,enhanced_choices,repeat_survey_enabled,repeat_survey_btn_text,repeat_survey_btn_location,response_limit,response_limit_include_partials,response_limit_custom_text,survey_time_limit_days,survey_time_limit_hours,survey_time_limit_minutes,email_participant_field,end_of_survey_pdf_download
BMI,"<p><strong>Please complete the survey below.</strong></p>
<p>Thank you!</p>",,"<p><strong>Thank you for taking the survey.</strong></p>
<p>Have a nice day!</p>",,0,0,0,0,1,0,0,0,0,10,0,,,0,0,0,0,1,"BMI Test Submission","<p>Hello [name],</p>
<p>Thank you for trying out our Anthropometric Calculator.</p>
<p>We appreciate your time and feedback in helping us improve this tool.  </p>
<p>Github Link: <a href=""https://github.com/dhiralpuab/bmi_percentile"">https://github.com/dhiralpuab/bmi_percentile</a></p>
<p>Please find attached your BMI Test Form based on the data you entered.</p>
<p>If you have any questions, suggestions, or issues, feel free to reply to this email - we would love to hear from you.</p>
<p>Best regards,  <br><strong>Dhiral Panjwani | Bioinformatician I</strong><br>Department of Medicine | School of Medicine<br>UAB | The University of Alabama at Birmingham</p>",dhiralp@uab.edu,,1,0,en,0,,1,16,,,,,,,,,0,0,,BEFORE_SUBMIT,,1,"<p>Thank you for your interest; however, the survey is closed because the maximum number of responses has been reached.</p>",,,,email,0
